<annotation>
	<folder>images</folder>
	<filename>Train_198.jpg</filename>
	<path>/Users/philippwulff/Desktop/Leaf Image DATA/images/Train_198.jpg</path>
	<source>
		<database>Unknown</database>
	</source>
	<size>
		<width>2048</width>
		<height>1365</height>
		<depth>3</depth>
	</size>
	<segmented>0</segmented>
	<object>
		<name>leaf</name>
		<pose>Unspecified</pose>
		<truncated>0</truncated>
		<difficult>0</difficult>
		<bndbox>
			<xmin>362</xmin>
			<ymin>134</ymin>
			<xmax>1965</xmax>
			<ymax>1134</ymax>
		</bndbox>
	</object>
	<object>
		<name>leaf</name>
		<pose>Unspecified</pose>
		<truncated>0</truncated>
		<difficult>0</difficult>
		<bndbox>
			<xmin>149</xmin>
			<ymin>8</ymin>
			<xmax>1014</xmax>
			<ymax>408</ymax>
		</bndbox>
	</object>
	<object>
		<name>leaf</name>
		<pose>Unspecified</pose>
		<truncated>1</truncated>
		<difficult>0</difficult>
		<bndbox>
			<xmin>256</xmin>
			<ymin>892</ymin>
			<xmax>991</xmax>
			<ymax>1365</ymax>
		</bndbox>
	</object>
</annotation>
