<annotation>
	<folder>images</folder>
	<filename>Train_148.jpg</filename>
	<path>/Users/philippwulff/Desktop/Leaf Image DATA/images/Train_148.jpg</path>
	<source>
		<database>Unknown</database>
	</source>
	<size>
		<width>2048</width>
		<height>1365</height>
		<depth>3</depth>
	</size>
	<segmented>0</segmented>
	<object>
		<name>leaf</name>
		<pose>Unspecified</pose>
		<truncated>0</truncated>
		<difficult>0</difficult>
		<bndbox>
			<xmin>193</xmin>
			<ymin>230</ymin>
			<xmax>2047</xmax>
			<ymax>1057</ymax>
		</bndbox>
	</object>
	<object>
		<name>leaf</name>
		<pose>Unspecified</pose>
		<truncated>1</truncated>
		<difficult>0</difficult>
		<bndbox>
			<xmin>1291</xmin>
			<ymin>943</ymin>
			<xmax>2048</xmax>
			<ymax>1360</ymax>
		</bndbox>
	</object>
	<object>
		<name>leaf</name>
		<pose>Unspecified</pose>
		<truncated>0</truncated>
		<difficult>0</difficult>
		<bndbox>
			<xmin>1139</xmin>
			<ymin>229</ymin>
			<xmax>2047</xmax>
			<ymax>732</ymax>
		</bndbox>
	</object>
	<object>
		<name>leaf</name>
		<pose>Unspecified</pose>
		<truncated>1</truncated>
		<difficult>0</difficult>
		<bndbox>
			<xmin>1640</xmin>
			<ymin>801</ymin>
			<xmax>2048</xmax>
			<ymax>1305</ymax>
		</bndbox>
	</object>
</annotation>
