<annotation>
	<folder>images</folder>
	<filename>Train_73.jpg</filename>
	<path>/Users/philippwulff/Desktop/Leaf Image DATA/images/Train_73.jpg</path>
	<source>
		<database>Unknown</database>
	</source>
	<size>
		<width>2048</width>
		<height>1365</height>
		<depth>3</depth>
	</size>
	<segmented>0</segmented>
	<object>
		<name>leaf</name>
		<pose>Unspecified</pose>
		<truncated>0</truncated>
		<difficult>0</difficult>
		<bndbox>
			<xmin>407</xmin>
			<ymin>201</ymin>
			<xmax>1752</xmax>
			<ymax>1127</ymax>
		</bndbox>
	</object>
	<object>
		<name>leaf</name>
		<pose>Unspecified</pose>
		<truncated>0</truncated>
		<difficult>0</difficult>
		<bndbox>
			<xmin>17</xmin>
			<ymin>637</ymin>
			<xmax>365</xmax>
			<ymax>1092</ymax>
		</bndbox>
	</object>
	<object>
		<name>leaf</name>
		<pose>Unspecified</pose>
		<truncated>0</truncated>
		<difficult>0</difficult>
		<bndbox>
			<xmin>346</xmin>
			<ymin>724</ymin>
			<xmax>1301</xmax>
			<ymax>1311</ymax>
		</bndbox>
	</object>
</annotation>
