<annotation>
	<folder>images</folder>
	<filename>Train_166.jpg</filename>
	<path>/Users/philippwulff/Desktop/Leaf Image DATA/images/Train_166.jpg</path>
	<source>
		<database>Unknown</database>
	</source>
	<size>
		<width>2048</width>
		<height>1365</height>
		<depth>3</depth>
	</size>
	<segmented>0</segmented>
	<object>
		<name>leaf</name>
		<pose>Unspecified</pose>
		<truncated>1</truncated>
		<difficult>0</difficult>
		<bndbox>
			<xmin>98</xmin>
			<ymin>198</ymin>
			<xmax>2048</xmax>
			<ymax>1146</ymax>
		</bndbox>
	</object>
	<object>
		<name>leaf</name>
		<pose>Unspecified</pose>
		<truncated>1</truncated>
		<difficult>0</difficult>
		<bndbox>
			<xmin>1080</xmin>
			<ymin>1</ymin>
			<xmax>2048</xmax>
			<ymax>451</ymax>
		</bndbox>
	</object>
</annotation>
