<annotation>
	<folder>images</folder>
	<filename>Train_140.jpg</filename>
	<path>/Users/philippwulff/Desktop/Leaf Image DATA/images/Train_140.jpg</path>
	<source>
		<database>Unknown</database>
	</source>
	<size>
		<width>2048</width>
		<height>1365</height>
		<depth>3</depth>
	</size>
	<segmented>0</segmented>
	<object>
		<name>leaf</name>
		<pose>Unspecified</pose>
		<truncated>0</truncated>
		<difficult>0</difficult>
		<bndbox>
			<xmin>19</xmin>
			<ymin>4</ymin>
			<xmax>2009</xmax>
			<ymax>1150</ymax>
		</bndbox>
	</object>
	<object>
		<name>leaf</name>
		<pose>Unspecified</pose>
		<truncated>1</truncated>
		<difficult>0</difficult>
		<bndbox>
			<xmin>1278</xmin>
			<ymin>501</ymin>
			<xmax>2048</xmax>
			<ymax>1359</ymax>
		</bndbox>
	</object>
	<object>
		<name>leaf</name>
		<pose>Unspecified</pose>
		<truncated>0</truncated>
		<difficult>0</difficult>
		<bndbox>
			<xmin>56</xmin>
			<ymin>968</ymin>
			<xmax>1307</xmax>
			<ymax>1358</ymax>
		</bndbox>
	</object>
	<object>
		<name>leaf</name>
		<pose>Unspecified</pose>
		<truncated>0</truncated>
		<difficult>0</difficult>
		<bndbox>
			<xmin>4</xmin>
			<ymin>111</ymin>
			<xmax>356</xmax>
			<ymax>634</ymax>
		</bndbox>
	</object>
</annotation>
