<annotation>
	<folder>images</folder>
	<filename>Train_113.jpg</filename>
	<path>/Users/philippwulff/Desktop/Leaf Image DATA/images/Train_113.jpg</path>
	<source>
		<database>Unknown</database>
	</source>
	<size>
		<width>2048</width>
		<height>1365</height>
		<depth>3</depth>
	</size>
	<segmented>0</segmented>
	<object>
		<name>leaf</name>
		<pose>Unspecified</pose>
		<truncated>0</truncated>
		<difficult>0</difficult>
		<bndbox>
			<xmin>216</xmin>
			<ymin>229</ymin>
			<xmax>1697</xmax>
			<ymax>1129</ymax>
		</bndbox>
	</object>
	<object>
		<name>leaf</name>
		<pose>Unspecified</pose>
		<truncated>0</truncated>
		<difficult>0</difficult>
		<bndbox>
			<xmin>1680</xmin>
			<ymin>936</ymin>
			<xmax>2040</xmax>
			<ymax>1364</ymax>
		</bndbox>
	</object>
	<object>
		<name>leaf</name>
		<pose>Unspecified</pose>
		<truncated>0</truncated>
		<difficult>0</difficult>
		<bndbox>
			<xmin>822</xmin>
			<ymin>4</ymin>
			<xmax>1916</xmax>
			<ymax>204</ymax>
		</bndbox>
	</object>
	<object>
		<name>leaf</name>
		<pose>Unspecified</pose>
		<truncated>0</truncated>
		<difficult>0</difficult>
		<bndbox>
			<xmin>927</xmin>
			<ymin>152</ymin>
			<xmax>1923</xmax>
			<ymax>843</ymax>
		</bndbox>
	</object>
</annotation>
