<annotation>
	<folder>images</folder>
	<filename>Train_64.jpg</filename>
	<path>/Users/philippwulff/Desktop/Leaf Image DATA/images/Train_64.jpg</path>
	<source>
		<database>Unknown</database>
	</source>
	<size>
		<width>2048</width>
		<height>1365</height>
		<depth>3</depth>
	</size>
	<segmented>0</segmented>
	<object>
		<name>leaf</name>
		<pose>Unspecified</pose>
		<truncated>0</truncated>
		<difficult>0</difficult>
		<bndbox>
			<xmin>56</xmin>
			<ymin>295</ymin>
			<xmax>1998</xmax>
			<ymax>1146</ymax>
		</bndbox>
	</object>
	<object>
		<name>leaf</name>
		<pose>Unspecified</pose>
		<truncated>1</truncated>
		<difficult>0</difficult>
		<bndbox>
			<xmin>1</xmin>
			<ymin>8</ymin>
			<xmax>501</xmax>
			<ymax>697</ymax>
		</bndbox>
	</object>
</annotation>
