<annotation>
	<folder>images</folder>
	<filename>Train_190.jpg</filename>
	<path>/Users/philippwulff/Desktop/Leaf Image DATA/images/Train_190.jpg</path>
	<source>
		<database>Unknown</database>
	</source>
	<size>
		<width>2048</width>
		<height>1365</height>
		<depth>3</depth>
	</size>
	<segmented>0</segmented>
	<object>
		<name>leaf</name>
		<pose>Unspecified</pose>
		<truncated>0</truncated>
		<difficult>0</difficult>
		<bndbox>
			<xmin>181</xmin>
			<ymin>307</ymin>
			<xmax>1723</xmax>
			<ymax>971</ymax>
		</bndbox>
	</object>
</annotation>
