<annotation>
	<folder>images</folder>
	<filename>Train_194.jpg</filename>
	<path>/Users/philippwulff/Desktop/Leaf Image DATA/images/Train_194.jpg</path>
	<source>
		<database>Unknown</database>
	</source>
	<size>
		<width>2048</width>
		<height>1365</height>
		<depth>3</depth>
	</size>
	<segmented>0</segmented>
	<object>
		<name>leaf</name>
		<pose>Unspecified</pose>
		<truncated>0</truncated>
		<difficult>0</difficult>
		<bndbox>
			<xmin>75</xmin>
			<ymin>176</ymin>
			<xmax>1714</xmax>
			<ymax>1192</ymax>
		</bndbox>
	</object>
	<object>
		<name>leaf</name>
		<pose>Unspecified</pose>
		<truncated>1</truncated>
		<difficult>0</difficult>
		<bndbox>
			<xmin>1336</xmin>
			<ymin>1</ymin>
			<xmax>1932</xmax>
			<ymax>285</ymax>
		</bndbox>
	</object>
</annotation>
