<annotation>
	<folder>images</folder>
	<filename>Train_55.jpg</filename>
	<path>/Users/philippwulff/Desktop/Leaf Image DATA/images/Train_55.jpg</path>
	<source>
		<database>Unknown</database>
	</source>
	<size>
		<width>2048</width>
		<height>1365</height>
		<depth>3</depth>
	</size>
	<segmented>0</segmented>
	<object>
		<name>leaf</name>
		<pose>Unspecified</pose>
		<truncated>0</truncated>
		<difficult>0</difficult>
		<bndbox>
			<xmin>136</xmin>
			<ymin>169</ymin>
			<xmax>2046</xmax>
			<ymax>1298</ymax>
		</bndbox>
	</object>
	<object>
		<name>leaf</name>
		<pose>Unspecified</pose>
		<truncated>1</truncated>
		<difficult>0</difficult>
		<bndbox>
			<xmin>281</xmin>
			<ymin>1188</ymin>
			<xmax>1593</xmax>
			<ymax>1365</ymax>
		</bndbox>
	</object>
	<object>
		<name>leaf</name>
		<pose>Unspecified</pose>
		<truncated>1</truncated>
		<difficult>0</difficult>
		<bndbox>
			<xmin>1823</xmin>
			<ymin>8</ymin>
			<xmax>2048</xmax>
			<ymax>584</ymax>
		</bndbox>
	</object>
</annotation>
