<annotation>
	<folder>images</folder>
	<filename>Train_98.jpg</filename>
	<path>/Users/philippwulff/Desktop/Leaf Image DATA/images/Train_98.jpg</path>
	<source>
		<database>Unknown</database>
	</source>
	<size>
		<width>2048</width>
		<height>1365</height>
		<depth>3</depth>
	</size>
	<segmented>0</segmented>
	<object>
		<name>leaf</name>
		<pose>Unspecified</pose>
		<truncated>0</truncated>
		<difficult>0</difficult>
		<bndbox>
			<xmin>81</xmin>
			<ymin>300</ymin>
			<xmax>1852</xmax>
			<ymax>1304</ymax>
		</bndbox>
	</object>
	<object>
		<name>leaf</name>
		<pose>Unspecified</pose>
		<truncated>1</truncated>
		<difficult>0</difficult>
		<bndbox>
			<xmin>3</xmin>
			<ymin>1</ymin>
			<xmax>97</xmax>
			<ymax>208</ymax>
		</bndbox>
	</object>
	<object>
		<name>leaf</name>
		<pose>Unspecified</pose>
		<truncated>0</truncated>
		<difficult>0</difficult>
		<bndbox>
			<xmin>7</xmin>
			<ymin>513</ymin>
			<xmax>447</xmax>
			<ymax>1364</ymax>
		</bndbox>
	</object>
</annotation>
