<annotation>
	<folder>images</folder>
	<filename>Train_116.jpg</filename>
	<path>/Users/philippwulff/Desktop/Leaf Image DATA/images/Train_116.jpg</path>
	<source>
		<database>Unknown</database>
	</source>
	<size>
		<width>2048</width>
		<height>1365</height>
		<depth>3</depth>
	</size>
	<segmented>0</segmented>
	<object>
		<name>leaf</name>
		<pose>Unspecified</pose>
		<truncated>0</truncated>
		<difficult>0</difficult>
		<bndbox>
			<xmin>59</xmin>
			<ymin>168</ymin>
			<xmax>1588</xmax>
			<ymax>1113</ymax>
		</bndbox>
	</object>
	<object>
		<name>leaf</name>
		<pose>Unspecified</pose>
		<truncated>1</truncated>
		<difficult>0</difficult>
		<bndbox>
			<xmin>1000</xmin>
			<ymin>1</ymin>
			<xmax>2035</xmax>
			<ymax>192</ymax>
		</bndbox>
	</object>
</annotation>
