<annotation>
	<folder>images</folder>
	<filename>Train_42.jpg</filename>
	<path>/Users/philippwulff/Desktop/Leaf Image DATA/images/Train_42.jpg</path>
	<source>
		<database>Unknown</database>
	</source>
	<size>
		<width>2048</width>
		<height>1365</height>
		<depth>3</depth>
	</size>
	<segmented>0</segmented>
	<object>
		<name>leaf</name>
		<pose>Unspecified</pose>
		<truncated>0</truncated>
		<difficult>0</difficult>
		<bndbox>
			<xmin>520</xmin>
			<ymin>330</ymin>
			<xmax>1859</xmax>
			<ymax>1063</ymax>
		</bndbox>
	</object>
	<object>
		<name>leaf</name>
		<pose>Unspecified</pose>
		<truncated>1</truncated>
		<difficult>0</difficult>
		<bndbox>
			<xmin>730</xmin>
			<ymin>1</ymin>
			<xmax>1785</xmax>
			<ymax>427</ymax>
		</bndbox>
	</object>
	<object>
		<name>leaf</name>
		<pose>Unspecified</pose>
		<truncated>1</truncated>
		<difficult>0</difficult>
		<bndbox>
			<xmin>1069</xmin>
			<ymin>1082</ymin>
			<xmax>2048</xmax>
			<ymax>1356</ymax>
		</bndbox>
	</object>
</annotation>
