<annotation>
	<folder>images</folder>
	<filename>Train_130.jpg</filename>
	<path>/Users/philippwulff/Desktop/Leaf Image DATA/images/Train_130.jpg</path>
	<source>
		<database>Unknown</database>
	</source>
	<size>
		<width>2048</width>
		<height>1365</height>
		<depth>3</depth>
	</size>
	<segmented>0</segmented>
	<object>
		<name>leaf</name>
		<pose>Unspecified</pose>
		<truncated>0</truncated>
		<difficult>0</difficult>
		<bndbox>
			<xmin>177</xmin>
			<ymin>278</ymin>
			<xmax>1629</xmax>
			<ymax>1249</ymax>
		</bndbox>
	</object>
	<object>
		<name>leaf</name>
		<pose>Unspecified</pose>
		<truncated>1</truncated>
		<difficult>0</difficult>
		<bndbox>
			<xmin>7</xmin>
			<ymin>1</ymin>
			<xmax>1220</xmax>
			<ymax>737</ymax>
		</bndbox>
	</object>
</annotation>
