<annotation>
	<folder>images</folder>
	<filename>Train_157.jpg</filename>
	<path>/Users/philippwulff/Desktop/Leaf Image DATA/images/Train_157.jpg</path>
	<source>
		<database>Unknown</database>
	</source>
	<size>
		<width>2048</width>
		<height>1365</height>
		<depth>3</depth>
	</size>
	<segmented>0</segmented>
	<object>
		<name>leaf</name>
		<pose>Unspecified</pose>
		<truncated>0</truncated>
		<difficult>0</difficult>
		<bndbox>
			<xmin>332</xmin>
			<ymin>68</ymin>
			<xmax>1872</xmax>
			<ymax>1023</ymax>
		</bndbox>
	</object>
	<object>
		<name>leaf</name>
		<pose>Unspecified</pose>
		<truncated>1</truncated>
		<difficult>0</difficult>
		<bndbox>
			<xmin>1349</xmin>
			<ymin>217</ymin>
			<xmax>2048</xmax>
			<ymax>518</ymax>
		</bndbox>
	</object>
	<object>
		<name>leaf</name>
		<pose>Unspecified</pose>
		<truncated>0</truncated>
		<difficult>0</difficult>
		<bndbox>
			<xmin>1468</xmin>
			<ymin>436</ymin>
			<xmax>1880</xmax>
			<ymax>904</ymax>
		</bndbox>
	</object>
</annotation>
