<annotation>
	<folder>images</folder>
	<filename>Train_67.jpg</filename>
	<path>/Users/philippwulff/Desktop/Leaf Image DATA/images/Train_67.jpg</path>
	<source>
		<database>Unknown</database>
	</source>
	<size>
		<width>2048</width>
		<height>1365</height>
		<depth>3</depth>
	</size>
	<segmented>0</segmented>
	<object>
		<name>leaf</name>
		<pose>Unspecified</pose>
		<truncated>1</truncated>
		<difficult>0</difficult>
		<bndbox>
			<xmin>252</xmin>
			<ymin>1</ymin>
			<xmax>1820</xmax>
			<ymax>1153</ymax>
		</bndbox>
	</object>
	<object>
		<name>leaf</name>
		<pose>Unspecified</pose>
		<truncated>0</truncated>
		<difficult>0</difficult>
		<bndbox>
			<xmin>427</xmin>
			<ymin>1050</ymin>
			<xmax>1491</xmax>
			<ymax>1363</ymax>
		</bndbox>
	</object>
	<object>
		<name>leaf</name>
		<pose>Unspecified</pose>
		<truncated>1</truncated>
		<difficult>0</difficult>
		<bndbox>
			<xmin>1688</xmin>
			<ymin>583</ymin>
			<xmax>2048</xmax>
			<ymax>1240</ymax>
		</bndbox>
	</object>
</annotation>
