<annotation>
	<folder>images</folder>
	<filename>Train_37.jpg</filename>
	<path>/Users/philippwulff/Desktop/Leaf Image DATA/images/Train_37.jpg</path>
	<source>
		<database>Unknown</database>
	</source>
	<size>
		<width>2048</width>
		<height>1365</height>
		<depth>3</depth>
	</size>
	<segmented>0</segmented>
	<object>
		<name>leaf</name>
		<pose>Unspecified</pose>
		<truncated>0</truncated>
		<difficult>0</difficult>
		<bndbox>
			<xmin>320</xmin>
			<ymin>321</ymin>
			<xmax>1904</xmax>
			<ymax>1227</ymax>
		</bndbox>
	</object>
	<object>
		<name>leaf</name>
		<pose>Unspecified</pose>
		<truncated>1</truncated>
		<difficult>0</difficult>
		<bndbox>
			<xmin>585</xmin>
			<ymin>1</ymin>
			<xmax>945</xmax>
			<ymax>217</ymax>
		</bndbox>
	</object>
	<object>
		<name>leaf</name>
		<pose>Unspecified</pose>
		<truncated>1</truncated>
		<difficult>0</difficult>
		<bndbox>
			<xmin>49</xmin>
			<ymin>759</ymin>
			<xmax>1000</xmax>
			<ymax>1365</ymax>
		</bndbox>
	</object>
</annotation>
