<annotation>
	<folder>images</folder>
	<filename>Train_86.jpg</filename>
	<path>/Users/philippwulff/Desktop/Leaf Image DATA/images/Train_86.jpg</path>
	<source>
		<database>Unknown</database>
	</source>
	<size>
		<width>2048</width>
		<height>1365</height>
		<depth>3</depth>
	</size>
	<segmented>0</segmented>
	<object>
		<name>leaf</name>
		<pose>Unspecified</pose>
		<truncated>0</truncated>
		<difficult>0</difficult>
		<bndbox>
			<xmin>7</xmin>
			<ymin>288</ymin>
			<xmax>2036</xmax>
			<ymax>1027</ymax>
		</bndbox>
	</object>
	<object>
		<name>leaf</name>
		<pose>Unspecified</pose>
		<truncated>1</truncated>
		<difficult>0</difficult>
		<bndbox>
			<xmin>991</xmin>
			<ymin>1</ymin>
			<xmax>1846</xmax>
			<ymax>372</ymax>
		</bndbox>
	</object>
</annotation>
