<annotation>
	<folder>images</folder>
	<filename>Train_93.jpg</filename>
	<path>/Users/philippwulff/Desktop/Leaf Image DATA/images/Train_93.jpg</path>
	<source>
		<database>Unknown</database>
	</source>
	<size>
		<width>2048</width>
		<height>1365</height>
		<depth>3</depth>
	</size>
	<segmented>0</segmented>
	<object>
		<name>leaf</name>
		<pose>Unspecified</pose>
		<truncated>0</truncated>
		<difficult>0</difficult>
		<bndbox>
			<xmin>384</xmin>
			<ymin>201</ymin>
			<xmax>1822</xmax>
			<ymax>1259</ymax>
		</bndbox>
	</object>
	<object>
		<name>leaf</name>
		<pose>Unspecified</pose>
		<truncated>0</truncated>
		<difficult>0</difficult>
		<bndbox>
			<xmin>4</xmin>
			<ymin>534</ymin>
			<xmax>449</xmax>
			<ymax>913</ymax>
		</bndbox>
	</object>
</annotation>
