<annotation>
	<folder>images</folder>
	<filename>Train_172.jpg</filename>
	<path>/Users/philippwulff/Desktop/Leaf Image DATA/images/Train_172.jpg</path>
	<source>
		<database>Unknown</database>
	</source>
	<size>
		<width>2048</width>
		<height>1365</height>
		<depth>3</depth>
	</size>
	<segmented>0</segmented>
	<object>
		<name>leaf</name>
		<pose>Unspecified</pose>
		<truncated>0</truncated>
		<difficult>0</difficult>
		<bndbox>
			<xmin>3</xmin>
			<ymin>49</ymin>
			<xmax>1819</xmax>
			<ymax>1016</ymax>
		</bndbox>
	</object>
	<object>
		<name>leaf</name>
		<pose>Unspecified</pose>
		<truncated>1</truncated>
		<difficult>0</difficult>
		<bndbox>
			<xmin>1833</xmin>
			<ymin>340</ymin>
			<xmax>2048</xmax>
			<ymax>724</ymax>
		</bndbox>
	</object>
</annotation>
