<annotation>
	<folder>images</folder>
	<filename>Train_85.jpg</filename>
	<path>/Users/philippwulff/Desktop/Leaf Image DATA/images/Train_85.jpg</path>
	<source>
		<database>Unknown</database>
	</source>
	<size>
		<width>2048</width>
		<height>1365</height>
		<depth>3</depth>
	</size>
	<segmented>0</segmented>
	<object>
		<name>leaf</name>
		<pose>Unspecified</pose>
		<truncated>0</truncated>
		<difficult>0</difficult>
		<bndbox>
			<xmin>201</xmin>
			<ymin>24</ymin>
			<xmax>1914</xmax>
			<ymax>1169</ymax>
		</bndbox>
	</object>
	<object>
		<name>leaf</name>
		<pose>Unspecified</pose>
		<truncated>1</truncated>
		<difficult>0</difficult>
		<bndbox>
			<xmin>1807</xmin>
			<ymin>19</ymin>
			<xmax>2048</xmax>
			<ymax>424</ymax>
		</bndbox>
	</object>
</annotation>
