<annotation>
	<folder>images</folder>
	<filename>Train_36.jpg</filename>
	<path>/Users/philippwulff/Desktop/Leaf Image DATA/images/Train_36.jpg</path>
	<source>
		<database>Unknown</database>
	</source>
	<size>
		<width>2048</width>
		<height>1365</height>
		<depth>3</depth>
	</size>
	<segmented>0</segmented>
	<object>
		<name>leaf</name>
		<pose>Unspecified</pose>
		<truncated>1</truncated>
		<difficult>0</difficult>
		<bndbox>
			<xmin>4</xmin>
			<ymin>182</ymin>
			<xmax>2048</xmax>
			<ymax>1043</ymax>
		</bndbox>
	</object>
	<object>
		<name>leaf</name>
		<pose>Unspecified</pose>
		<truncated>1</truncated>
		<difficult>0</difficult>
		<bndbox>
			<xmin>110</xmin>
			<ymin>1</ymin>
			<xmax>1230</xmax>
			<ymax>369</ymax>
		</bndbox>
	</object>
	<object>
		<name>leaf</name>
		<pose>Unspecified</pose>
		<truncated>1</truncated>
		<difficult>0</difficult>
		<bndbox>
			<xmin>1352</xmin>
			<ymin>858</ymin>
			<xmax>2048</xmax>
			<ymax>1363</ymax>
		</bndbox>
	</object>
</annotation>
