<annotation>
	<folder>images</folder>
	<filename>Train_159.jpg</filename>
	<path>/Users/philippwulff/Desktop/Leaf Image DATA/images/Train_159.jpg</path>
	<source>
		<database>Unknown</database>
	</source>
	<size>
		<width>2048</width>
		<height>1365</height>
		<depth>3</depth>
	</size>
	<segmented>0</segmented>
	<object>
		<name>leaf</name>
		<pose>Unspecified</pose>
		<truncated>0</truncated>
		<difficult>0</difficult>
		<bndbox>
			<xmin>35</xmin>
			<ymin>246</ymin>
			<xmax>1771</xmax>
			<ymax>995</ymax>
		</bndbox>
	</object>
	<object>
		<name>leaf</name>
		<pose>Unspecified</pose>
		<truncated>1</truncated>
		<difficult>0</difficult>
		<bndbox>
			<xmin>381</xmin>
			<ymin>1</ymin>
			<xmax>910</xmax>
			<ymax>485</ymax>
		</bndbox>
	</object>
	<object>
		<name>leaf</name>
		<pose>Unspecified</pose>
		<truncated>0</truncated>
		<difficult>0</difficult>
		<bndbox>
			<xmin>466</xmin>
			<ymin>916</ymin>
			<xmax>1213</xmax>
			<ymax>1364</ymax>
		</bndbox>
	</object>
	<object>
		<name>leaf</name>
		<pose>Unspecified</pose>
		<truncated>0</truncated>
		<difficult>0</difficult>
		<bndbox>
			<xmin>4</xmin>
			<ymin>826</ymin>
			<xmax>427</xmax>
			<ymax>1284</ymax>
		</bndbox>
	</object>
</annotation>
