<annotation>
	<folder>images</folder>
	<filename>Train_178.jpg</filename>
	<path>/Users/philippwulff/Desktop/Leaf Image DATA/images/Train_178.jpg</path>
	<source>
		<database>Unknown</database>
	</source>
	<size>
		<width>2048</width>
		<height>1365</height>
		<depth>3</depth>
	</size>
	<segmented>0</segmented>
	<object>
		<name>leaf</name>
		<pose>Unspecified</pose>
		<truncated>1</truncated>
		<difficult>0</difficult>
		<bndbox>
			<xmin>664</xmin>
			<ymin>1</ymin>
			<xmax>1426</xmax>
			<ymax>1166</ymax>
		</bndbox>
	</object>
	<object>
		<name>leaf</name>
		<pose>Unspecified</pose>
		<truncated>1</truncated>
		<difficult>0</difficult>
		<bndbox>
			<xmin>1627</xmin>
			<ymin>846</ymin>
			<xmax>2048</xmax>
			<ymax>1363</ymax>
		</bndbox>
	</object>
	<object>
		<name>leaf</name>
		<pose>Unspecified</pose>
		<truncated>0</truncated>
		<difficult>0</difficult>
		<bndbox>
			<xmin>1800</xmin>
			<ymin>97</ymin>
			<xmax>2047</xmax>
			<ymax>948</ymax>
		</bndbox>
	</object>
	<object>
		<name>leaf</name>
		<pose>Unspecified</pose>
		<truncated>1</truncated>
		<difficult>0</difficult>
		<bndbox>
			<xmin>1233</xmin>
			<ymin>955</ymin>
			<xmax>1646</xmax>
			<ymax>1365</ymax>
		</bndbox>
	</object>
</annotation>
