<annotation>
	<folder>images</folder>
	<filename>Train_147.jpg</filename>
	<path>/Users/philippwulff/Desktop/Leaf Image DATA/images/Train_147.jpg</path>
	<source>
		<database>Unknown</database>
	</source>
	<size>
		<width>2048</width>
		<height>1365</height>
		<depth>3</depth>
	</size>
	<segmented>0</segmented>
	<object>
		<name>leaf</name>
		<pose>Unspecified</pose>
		<truncated>0</truncated>
		<difficult>0</difficult>
		<bndbox>
			<xmin>39</xmin>
			<ymin>226</ymin>
			<xmax>1475</xmax>
			<ymax>1075</ymax>
		</bndbox>
	</object>
	<object>
		<name>leaf</name>
		<pose>Unspecified</pose>
		<truncated>1</truncated>
		<difficult>0</difficult>
		<bndbox>
			<xmin>1655</xmin>
			<ymin>1095</ymin>
			<xmax>2044</xmax>
			<ymax>1365</ymax>
		</bndbox>
	</object>
</annotation>
