<annotation>
	<folder>images</folder>
	<filename>Train_170.jpg</filename>
	<path>/Users/philippwulff/Desktop/Leaf Image DATA/images/Train_170.jpg</path>
	<source>
		<database>Unknown</database>
	</source>
	<size>
		<width>2048</width>
		<height>1365</height>
		<depth>3</depth>
	</size>
	<segmented>0</segmented>
	<object>
		<name>leaf</name>
		<pose>Unspecified</pose>
		<truncated>0</truncated>
		<difficult>0</difficult>
		<bndbox>
			<xmin>187</xmin>
			<ymin>85</ymin>
			<xmax>1477</xmax>
			<ymax>1305</ymax>
		</bndbox>
	</object>
</annotation>
