<annotation>
	<folder>images</folder>
	<filename>Train_124.jpg</filename>
	<path>/Users/philippwulff/Desktop/Leaf Image DATA/images/Train_124.jpg</path>
	<source>
		<database>Unknown</database>
	</source>
	<size>
		<width>2048</width>
		<height>1365</height>
		<depth>3</depth>
	</size>
	<segmented>0</segmented>
	<object>
		<name>leaf</name>
		<pose>Unspecified</pose>
		<truncated>0</truncated>
		<difficult>0</difficult>
		<bndbox>
			<xmin>206</xmin>
			<ymin>263</ymin>
			<xmax>2047</xmax>
			<ymax>1297</ymax>
		</bndbox>
	</object>
	<object>
		<name>leaf</name>
		<pose>Unspecified</pose>
		<truncated>1</truncated>
		<difficult>0</difficult>
		<bndbox>
			<xmin>1</xmin>
			<ymin>1</ymin>
			<xmax>275</xmax>
			<ymax>188</ymax>
		</bndbox>
	</object>
</annotation>
