<annotation>
	<folder>images</folder>
	<filename>Train_99.jpg</filename>
	<path>/Users/philippwulff/Desktop/Leaf Image DATA/images/Train_99.jpg</path>
	<source>
		<database>Unknown</database>
	</source>
	<size>
		<width>2048</width>
		<height>1365</height>
		<depth>3</depth>
	</size>
	<segmented>0</segmented>
	<object>
		<name>leaf</name>
		<pose>Unspecified</pose>
		<truncated>1</truncated>
		<difficult>0</difficult>
		<bndbox>
			<xmin>106</xmin>
			<ymin>176</ymin>
			<xmax>2048</xmax>
			<ymax>1091</ymax>
		</bndbox>
	</object>
	<object>
		<name>leaf</name>
		<pose>Unspecified</pose>
		<truncated>1</truncated>
		<difficult>0</difficult>
		<bndbox>
			<xmin>1023</xmin>
			<ymin>123</ymin>
			<xmax>2048</xmax>
			<ymax>1358</ymax>
		</bndbox>
	</object>
	<object>
		<name>leaf</name>
		<pose>Unspecified</pose>
		<truncated>0</truncated>
		<difficult>0</difficult>
		<bndbox>
			<xmin>1045</xmin>
			<ymin>933</ymin>
			<xmax>2040</xmax>
			<ymax>1343</ymax>
		</bndbox>
	</object>
</annotation>
