<annotation>
	<folder>images</folder>
	<filename>Train_126.jpg</filename>
	<path>/Users/philippwulff/Desktop/Leaf Image DATA/images/Train_126.jpg</path>
	<source>
		<database>Unknown</database>
	</source>
	<size>
		<width>2048</width>
		<height>1365</height>
		<depth>3</depth>
	</size>
	<segmented>0</segmented>
	<object>
		<name>leaf</name>
		<pose>Unspecified</pose>
		<truncated>0</truncated>
		<difficult>0</difficult>
		<bndbox>
			<xmin>3</xmin>
			<ymin>142</ymin>
			<xmax>1952</xmax>
			<ymax>1142</ymax>
		</bndbox>
	</object>
	<object>
		<name>leaf</name>
		<pose>Unspecified</pose>
		<truncated>1</truncated>
		<difficult>0</difficult>
		<bndbox>
			<xmin>894</xmin>
			<ymin>900</ymin>
			<xmax>2048</xmax>
			<ymax>1356</ymax>
		</bndbox>
	</object>
</annotation>
