<annotation>
	<folder>images</folder>
	<filename>Train_177.jpg</filename>
	<path>/Users/philippwulff/Desktop/Leaf Image DATA/images/Train_177.jpg</path>
	<source>
		<database>Unknown</database>
	</source>
	<size>
		<width>2048</width>
		<height>1365</height>
		<depth>3</depth>
	</size>
	<segmented>0</segmented>
	<object>
		<name>leaf</name>
		<pose>Unspecified</pose>
		<truncated>0</truncated>
		<difficult>0</difficult>
		<bndbox>
			<xmin>204</xmin>
			<ymin>195</ymin>
			<xmax>1914</xmax>
			<ymax>1142</ymax>
		</bndbox>
	</object>
	<object>
		<name>leaf</name>
		<pose>Unspecified</pose>
		<truncated>0</truncated>
		<difficult>0</difficult>
		<bndbox>
			<xmin>222</xmin>
			<ymin>1039</ymin>
			<xmax>1256</xmax>
			<ymax>1364</ymax>
		</bndbox>
	</object>
</annotation>
