<annotation>
	<folder>images</folder>
	<filename>Train_136.jpg</filename>
	<path>/Users/philippwulff/Desktop/Leaf Image DATA/images/Train_136.jpg</path>
	<source>
		<database>Unknown</database>
	</source>
	<size>
		<width>2048</width>
		<height>1365</height>
		<depth>3</depth>
	</size>
	<segmented>0</segmented>
	<object>
		<name>leaf</name>
		<pose>Unspecified</pose>
		<truncated>0</truncated>
		<difficult>0</difficult>
		<bndbox>
			<xmin>203</xmin>
			<ymin>204</ymin>
			<xmax>1697</xmax>
			<ymax>1220</ymax>
		</bndbox>
	</object>
	<object>
		<name>leaf</name>
		<pose>Unspecified</pose>
		<truncated>0</truncated>
		<difficult>0</difficult>
		<bndbox>
			<xmin>109</xmin>
			<ymin>4</ymin>
			<xmax>1329</xmax>
			<ymax>297</ymax>
		</bndbox>
	</object>
	<object>
		<name>leaf</name>
		<pose>Unspecified</pose>
		<truncated>1</truncated>
		<difficult>0</difficult>
		<bndbox>
			<xmin>1307</xmin>
			<ymin>1052</ymin>
			<xmax>2048</xmax>
			<ymax>1357</ymax>
		</bndbox>
	</object>
	<object>
		<name>leaf</name>
		<pose>Unspecified</pose>
		<truncated>1</truncated>
		<difficult>0</difficult>
		<bndbox>
			<xmin>1094</xmin>
			<ymin>1</ymin>
			<xmax>1971</xmax>
			<ymax>387</ymax>
		</bndbox>
	</object>
</annotation>
