<annotation>
	<folder>images</folder>
	<filename>Train_133.jpg</filename>
	<path>/Users/philippwulff/Desktop/Leaf Image DATA/images/Train_133.jpg</path>
	<source>
		<database>Unknown</database>
	</source>
	<size>
		<width>2048</width>
		<height>1365</height>
		<depth>3</depth>
	</size>
	<segmented>0</segmented>
	<object>
		<name>leaf</name>
		<pose>Unspecified</pose>
		<truncated>1</truncated>
		<difficult>0</difficult>
		<bndbox>
			<xmin>210</xmin>
			<ymin>65</ymin>
			<xmax>2048</xmax>
			<ymax>1196</ymax>
		</bndbox>
	</object>
	<object>
		<name>leaf</name>
		<pose>Unspecified</pose>
		<truncated>1</truncated>
		<difficult>0</difficult>
		<bndbox>
			<xmin>1</xmin>
			<ymin>89</ymin>
			<xmax>223</xmax>
			<ymax>656</ymax>
		</bndbox>
	</object>
	<object>
		<name>leaf</name>
		<pose>Unspecified</pose>
		<truncated>0</truncated>
		<difficult>0</difficult>
		<bndbox>
			<xmin>1678</xmin>
			<ymin>1049</ymin>
			<xmax>2040</xmax>
			<ymax>1221</ymax>
		</bndbox>
	</object>
</annotation>
