<annotation>
	<folder>images</folder>
	<filename>Train_38.jpg</filename>
	<path>/Users/philippwulff/Desktop/Leaf Image DATA/images/Train_38.jpg</path>
	<source>
		<database>Unknown</database>
	</source>
	<size>
		<width>2048</width>
		<height>1365</height>
		<depth>3</depth>
	</size>
	<segmented>0</segmented>
	<object>
		<name>leaf</name>
		<pose>Unspecified</pose>
		<truncated>0</truncated>
		<difficult>0</difficult>
		<bndbox>
			<xmin>101</xmin>
			<ymin>327</ymin>
			<xmax>1872</xmax>
			<ymax>992</ymax>
		</bndbox>
	</object>
</annotation>
