<annotation>
	<folder>images</folder>
	<filename>Train_154.jpg</filename>
	<path>/Users/philippwulff/Desktop/Leaf Image DATA/images/Train_154.jpg</path>
	<source>
		<database>Unknown</database>
	</source>
	<size>
		<width>2048</width>
		<height>1365</height>
		<depth>3</depth>
	</size>
	<segmented>0</segmented>
	<object>
		<name>leaf</name>
		<pose>Unspecified</pose>
		<truncated>0</truncated>
		<difficult>0</difficult>
		<bndbox>
			<xmin>135</xmin>
			<ymin>94</ymin>
			<xmax>2026</xmax>
			<ymax>1320</ymax>
		</bndbox>
	</object>
	<object>
		<name>leaf</name>
		<pose>Unspecified</pose>
		<truncated>1</truncated>
		<difficult>0</difficult>
		<bndbox>
			<xmin>227</xmin>
			<ymin>1</ymin>
			<xmax>1591</xmax>
			<ymax>158</ymax>
		</bndbox>
	</object>
</annotation>
