<annotation>
	<folder>images</folder>
	<filename>Train_52.jpg</filename>
	<path>/Users/philippwulff/Desktop/Leaf Image DATA/images/Train_52.jpg</path>
	<source>
		<database>Unknown</database>
	</source>
	<size>
		<width>2048</width>
		<height>1365</height>
		<depth>3</depth>
	</size>
	<segmented>0</segmented>
	<object>
		<name>leaf</name>
		<pose>Unspecified</pose>
		<truncated>0</truncated>
		<difficult>0</difficult>
		<bndbox>
			<xmin>75</xmin>
			<ymin>169</ymin>
			<xmax>1914</xmax>
			<ymax>1205</ymax>
		</bndbox>
	</object>
	<object>
		<name>leaf</name>
		<pose>Unspecified</pose>
		<truncated>0</truncated>
		<difficult>0</difficult>
		<bndbox>
			<xmin>4</xmin>
			<ymin>27</ymin>
			<xmax>723</xmax>
			<ymax>505</ymax>
		</bndbox>
	</object>
</annotation>
