<annotation>
	<folder>images</folder>
	<filename>Train_185.jpg</filename>
	<path>/Users/philippwulff/Desktop/Leaf Image DATA/images/Train_185.jpg</path>
	<source>
		<database>Unknown</database>
	</source>
	<size>
		<width>2048</width>
		<height>1365</height>
		<depth>3</depth>
	</size>
	<segmented>0</segmented>
	<object>
		<name>leaf</name>
		<pose>Unspecified</pose>
		<truncated>0</truncated>
		<difficult>0</difficult>
		<bndbox>
			<xmin>187</xmin>
			<ymin>263</ymin>
			<xmax>1713</xmax>
			<ymax>1088</ymax>
		</bndbox>
	</object>
	<object>
		<name>leaf</name>
		<pose>Unspecified</pose>
		<truncated>1</truncated>
		<difficult>0</difficult>
		<bndbox>
			<xmin>1</xmin>
			<ymin>13</ymin>
			<xmax>1130</xmax>
			<ymax>675</ymax>
		</bndbox>
	</object>
	<object>
		<name>leaf</name>
		<pose>Unspecified</pose>
		<truncated>0</truncated>
		<difficult>0</difficult>
		<bndbox>
			<xmin>3</xmin>
			<ymin>523</ymin>
			<xmax>210</xmax>
			<ymax>1364</ymax>
		</bndbox>
	</object>
</annotation>
