<annotation>
	<folder>images</folder>
	<filename>Train_94.jpg</filename>
	<path>/Users/philippwulff/Desktop/Leaf Image DATA/images/Train_94.jpg</path>
	<source>
		<database>Unknown</database>
	</source>
	<size>
		<width>2048</width>
		<height>1365</height>
		<depth>3</depth>
	</size>
	<segmented>0</segmented>
	<object>
		<name>leaf</name>
		<pose>Unspecified</pose>
		<truncated>0</truncated>
		<difficult>0</difficult>
		<bndbox>
			<xmin>129</xmin>
			<ymin>239</ymin>
			<xmax>1861</xmax>
			<ymax>1062</ymax>
		</bndbox>
	</object>
	<object>
		<name>leaf</name>
		<pose>Unspecified</pose>
		<truncated>1</truncated>
		<difficult>0</difficult>
		<bndbox>
			<xmin>1278</xmin>
			<ymin>1</ymin>
			<xmax>2048</xmax>
			<ymax>224</ymax>
		</bndbox>
	</object>
	<object>
		<name>leaf</name>
		<pose>Unspecified</pose>
		<truncated>0</truncated>
		<difficult>0</difficult>
		<bndbox>
			<xmin>1307</xmin>
			<ymin>716</ymin>
			<xmax>2047</xmax>
			<ymax>1364</ymax>
		</bndbox>
	</object>
</annotation>
