<annotation>
	<folder>images</folder>
	<filename>Train_145.jpg</filename>
	<path>/Users/philippwulff/Desktop/Leaf Image DATA/images/Train_145.jpg</path>
	<source>
		<database>Unknown</database>
	</source>
	<size>
		<width>2048</width>
		<height>1365</height>
		<depth>3</depth>
	</size>
	<segmented>0</segmented>
	<object>
		<name>leaf</name>
		<pose>Unspecified</pose>
		<truncated>0</truncated>
		<difficult>0</difficult>
		<bndbox>
			<xmin>152</xmin>
			<ymin>333</ymin>
			<xmax>1843</xmax>
			<ymax>1091</ymax>
		</bndbox>
	</object>
	<object>
		<name>leaf</name>
		<pose>Unspecified</pose>
		<truncated>1</truncated>
		<difficult>0</difficult>
		<bndbox>
			<xmin>1704</xmin>
			<ymin>878</ymin>
			<xmax>2048</xmax>
			<ymax>1199</ymax>
		</bndbox>
	</object>
</annotation>
