<annotation>
	<folder>images</folder>
	<filename>Train_97.jpg</filename>
	<path>/Users/philippwulff/Desktop/Leaf Image DATA/images/Train_97.jpg</path>
	<source>
		<database>Unknown</database>
	</source>
	<size>
		<width>2048</width>
		<height>1365</height>
		<depth>3</depth>
	</size>
	<segmented>0</segmented>
	<object>
		<name>leaf</name>
		<pose>Unspecified</pose>
		<truncated>1</truncated>
		<difficult>0</difficult>
		<bndbox>
			<xmin>1</xmin>
			<ymin>11</ymin>
			<xmax>1959</xmax>
			<ymax>923</ymax>
		</bndbox>
	</object>
	<object>
		<name>leaf</name>
		<pose>Unspecified</pose>
		<truncated>0</truncated>
		<difficult>0</difficult>
		<bndbox>
			<xmin>7</xmin>
			<ymin>691</ymin>
			<xmax>846</xmax>
			<ymax>1362</ymax>
		</bndbox>
	</object>
	<object>
		<name>leaf</name>
		<pose>Unspecified</pose>
		<truncated>0</truncated>
		<difficult>0</difficult>
		<bndbox>
			<xmin>1109</xmin>
			<ymin>495</ymin>
			<xmax>2006</xmax>
			<ymax>1359</ymax>
		</bndbox>
	</object>
</annotation>
