<annotation>
	<folder>images</folder>
	<filename>Train_164.jpg</filename>
	<path>/Users/philippwulff/Desktop/Leaf Image DATA/images/Train_164.jpg</path>
	<source>
		<database>Unknown</database>
	</source>
	<size>
		<width>2048</width>
		<height>1365</height>
		<depth>3</depth>
	</size>
	<segmented>0</segmented>
	<object>
		<name>leaf</name>
		<pose>Unspecified</pose>
		<truncated>1</truncated>
		<difficult>0</difficult>
		<bndbox>
			<xmin>1</xmin>
			<ymin>297</ymin>
			<xmax>1817</xmax>
			<ymax>1023</ymax>
		</bndbox>
	</object>
	<object>
		<name>leaf</name>
		<pose>Unspecified</pose>
		<truncated>0</truncated>
		<difficult>0</difficult>
		<bndbox>
			<xmin>740</xmin>
			<ymin>588</ymin>
			<xmax>1761</xmax>
			<ymax>1265</ymax>
		</bndbox>
	</object>
	<object>
		<name>leaf</name>
		<pose>Unspecified</pose>
		<truncated>0</truncated>
		<difficult>0</difficult>
		<bndbox>
			<xmin>1255</xmin>
			<ymin>168</ymin>
			<xmax>1803</xmax>
			<ymax>333</ymax>
		</bndbox>
	</object>
</annotation>
