<annotation>
	<folder>images</folder>
	<filename>Train_40.jpg</filename>
	<path>/Users/philippwulff/Desktop/Leaf Image DATA/images/Train_40.jpg</path>
	<source>
		<database>Unknown</database>
	</source>
	<size>
		<width>2048</width>
		<height>1365</height>
		<depth>3</depth>
	</size>
	<segmented>0</segmented>
	<object>
		<name>leaf</name>
		<pose>Unspecified</pose>
		<truncated>0</truncated>
		<difficult>0</difficult>
		<bndbox>
			<xmin>20</xmin>
			<ymin>237</ymin>
			<xmax>1901</xmax>
			<ymax>1188</ymax>
		</bndbox>
	</object>
	<object>
		<name>leaf</name>
		<pose>Unspecified</pose>
		<truncated>1</truncated>
		<difficult>0</difficult>
		<bndbox>
			<xmin>1598</xmin>
			<ymin>726</ymin>
			<xmax>2048</xmax>
			<ymax>1176</ymax>
		</bndbox>
	</object>
</annotation>
