<annotation>
	<folder>images</folder>
	<filename>Train_195.jpg</filename>
	<path>/Users/philippwulff/Desktop/Leaf Image DATA/images/Train_195.jpg</path>
	<source>
		<database>Unknown</database>
	</source>
	<size>
		<width>2048</width>
		<height>1365</height>
		<depth>3</depth>
	</size>
	<segmented>0</segmented>
	<object>
		<name>leaf</name>
		<pose>Unspecified</pose>
		<truncated>0</truncated>
		<difficult>0</difficult>
		<bndbox>
			<xmin>310</xmin>
			<ymin>230</ymin>
			<xmax>1491</xmax>
			<ymax>1121</ymax>
		</bndbox>
	</object>
	<object>
		<name>leaf</name>
		<pose>Unspecified</pose>
		<truncated>1</truncated>
		<difficult>0</difficult>
		<bndbox>
			<xmin>1</xmin>
			<ymin>52</ymin>
			<xmax>246</xmax>
			<ymax>527</ymax>
		</bndbox>
	</object>
	<object>
		<name>leaf</name>
		<pose>Unspecified</pose>
		<truncated>1</truncated>
		<difficult>0</difficult>
		<bndbox>
			<xmin>1656</xmin>
			<ymin>557</ymin>
			<xmax>2048</xmax>
			<ymax>1201</ymax>
		</bndbox>
	</object>
	<object>
		<name>leaf</name>
		<pose>Unspecified</pose>
		<truncated>1</truncated>
		<difficult>0</difficult>
		<bndbox>
			<xmin>1688</xmin>
			<ymin>8</ymin>
			<xmax>2048</xmax>
			<ymax>304</ymax>
		</bndbox>
	</object>
</annotation>
