<annotation>
	<folder>images</folder>
	<filename>Train_91.jpg</filename>
	<path>/Users/philippwulff/Desktop/Leaf Image DATA/images/Train_91.jpg</path>
	<source>
		<database>Unknown</database>
	</source>
	<size>
		<width>2048</width>
		<height>1365</height>
		<depth>3</depth>
	</size>
	<segmented>0</segmented>
	<object>
		<name>leaf</name>
		<pose>Unspecified</pose>
		<truncated>0</truncated>
		<difficult>0</difficult>
		<bndbox>
			<xmin>197</xmin>
			<ymin>284</ymin>
			<xmax>1816</xmax>
			<ymax>1020</ymax>
		</bndbox>
	</object>
	<object>
		<name>leaf</name>
		<pose>Unspecified</pose>
		<truncated>1</truncated>
		<difficult>0</difficult>
		<bndbox>
			<xmin>1569</xmin>
			<ymin>455</ymin>
			<xmax>2048</xmax>
			<ymax>1005</ymax>
		</bndbox>
	</object>
</annotation>
