<annotation>
	<folder>images</folder>
	<filename>Train_63.jpg</filename>
	<path>/Users/philippwulff/Desktop/Leaf Image DATA/images/Train_63.jpg</path>
	<source>
		<database>Unknown</database>
	</source>
	<size>
		<width>2048</width>
		<height>1365</height>
		<depth>3</depth>
	</size>
	<segmented>0</segmented>
	<object>
		<name>leaf</name>
		<pose>Unspecified</pose>
		<truncated>0</truncated>
		<difficult>0</difficult>
		<bndbox>
			<xmin>233</xmin>
			<ymin>21</ymin>
			<xmax>1772</xmax>
			<ymax>1124</ymax>
		</bndbox>
	</object>
	<object>
		<name>leaf</name>
		<pose>Unspecified</pose>
		<truncated>1</truncated>
		<difficult>0</difficult>
		<bndbox>
			<xmin>14</xmin>
			<ymin>998</ymin>
			<xmax>784</xmax>
			<ymax>1365</ymax>
		</bndbox>
	</object>
	<object>
		<name>leaf</name>
		<pose>Unspecified</pose>
		<truncated>0</truncated>
		<difficult>0</difficult>
		<bndbox>
			<xmin>4</xmin>
			<ymin>792</ymin>
			<xmax>156</xmax>
			<ymax>1056</ymax>
		</bndbox>
	</object>
</annotation>
