<annotation>
	<folder>images</folder>
	<filename>Train_160.jpg</filename>
	<path>/Users/philippwulff/Desktop/Leaf Image DATA/images/Train_160.jpg</path>
	<source>
		<database>Unknown</database>
	</source>
	<size>
		<width>2048</width>
		<height>1365</height>
		<depth>3</depth>
	</size>
	<segmented>0</segmented>
	<object>
		<name>leaf</name>
		<pose>Unspecified</pose>
		<truncated>0</truncated>
		<difficult>0</difficult>
		<bndbox>
			<xmin>172</xmin>
			<ymin>149</ymin>
			<xmax>1619</xmax>
			<ymax>1145</ymax>
		</bndbox>
	</object>
	<object>
		<name>leaf</name>
		<pose>Unspecified</pose>
		<truncated>0</truncated>
		<difficult>0</difficult>
		<bndbox>
			<xmin>1129</xmin>
			<ymin>1230</ymin>
			<xmax>1929</xmax>
			<ymax>1363</ymax>
		</bndbox>
	</object>
</annotation>
