<annotation>
	<folder>images</folder>
	<filename>Train_89.jpg</filename>
	<path>/Users/philippwulff/Desktop/Leaf Image DATA/images/Train_89.jpg</path>
	<source>
		<database>Unknown</database>
	</source>
	<size>
		<width>2048</width>
		<height>1365</height>
		<depth>3</depth>
	</size>
	<segmented>0</segmented>
	<object>
		<name>leaf</name>
		<pose>Unspecified</pose>
		<truncated>0</truncated>
		<difficult>0</difficult>
		<bndbox>
			<xmin>200</xmin>
			<ymin>24</ymin>
			<xmax>2047</xmax>
			<ymax>1134</ymax>
		</bndbox>
	</object>
	<object>
		<name>leaf</name>
		<pose>Unspecified</pose>
		<truncated>1</truncated>
		<difficult>0</difficult>
		<bndbox>
			<xmin>9</xmin>
			<ymin>1</ymin>
			<xmax>439</xmax>
			<ymax>511</ymax>
		</bndbox>
	</object>
</annotation>
