<annotation>
	<folder>images</folder>
	<filename>Train_82.jpg</filename>
	<path>/Users/philippwulff/Desktop/Leaf Image DATA/images/Train_82.jpg</path>
	<source>
		<database>Unknown</database>
	</source>
	<size>
		<width>2048</width>
		<height>1365</height>
		<depth>3</depth>
	</size>
	<segmented>0</segmented>
	<object>
		<name>leaf</name>
		<pose>Unspecified</pose>
		<truncated>0</truncated>
		<difficult>0</difficult>
		<bndbox>
			<xmin>130</xmin>
			<ymin>24</ymin>
			<xmax>1707</xmax>
			<ymax>1234</ymax>
		</bndbox>
	</object>
	<object>
		<name>leaf</name>
		<pose>Unspecified</pose>
		<truncated>1</truncated>
		<difficult>0</difficult>
		<bndbox>
			<xmin>1601</xmin>
			<ymin>430</ymin>
			<xmax>2048</xmax>
			<ymax>1208</ymax>
		</bndbox>
	</object>
	<object>
		<name>leaf</name>
		<pose>Unspecified</pose>
		<truncated>1</truncated>
		<difficult>0</difficult>
		<bndbox>
			<xmin>936</xmin>
			<ymin>1114</ymin>
			<xmax>1754</xmax>
			<ymax>1365</ymax>
		</bndbox>
	</object>
</annotation>
