<annotation>
	<folder>images</folder>
	<filename>Train_107.jpg</filename>
	<path>/Users/philippwulff/Desktop/Leaf Image DATA/images/Train_107.jpg</path>
	<source>
		<database>Unknown</database>
	</source>
	<size>
		<width>2048</width>
		<height>1365</height>
		<depth>3</depth>
	</size>
	<segmented>0</segmented>
	<object>
		<name>leaf</name>
		<pose>Unspecified</pose>
		<truncated>0</truncated>
		<difficult>0</difficult>
		<bndbox>
			<xmin>385</xmin>
			<ymin>246</ymin>
			<xmax>2046</xmax>
			<ymax>878</ymax>
		</bndbox>
	</object>
	<object>
		<name>leaf</name>
		<pose>Unspecified</pose>
		<truncated>0</truncated>
		<difficult>0</difficult>
		<bndbox>
			<xmin>4</xmin>
			<ymin>536</ymin>
			<xmax>627</xmax>
			<ymax>1364</ymax>
		</bndbox>
	</object>
</annotation>
