<annotation>
	<folder>images</folder>
	<filename>Train_165.jpg</filename>
	<path>/Users/philippwulff/Desktop/Leaf Image DATA/images/Train_165.jpg</path>
	<source>
		<database>Unknown</database>
	</source>
	<size>
		<width>2048</width>
		<height>1365</height>
		<depth>3</depth>
	</size>
	<segmented>0</segmented>
	<object>
		<name>leaf</name>
		<pose>Unspecified</pose>
		<truncated>0</truncated>
		<difficult>0</difficult>
		<bndbox>
			<xmin>277</xmin>
			<ymin>252</ymin>
			<xmax>1472</xmax>
			<ymax>1252</ymax>
		</bndbox>
	</object>
	<object>
		<name>leaf</name>
		<pose>Unspecified</pose>
		<truncated>1</truncated>
		<difficult>0</difficult>
		<bndbox>
			<xmin>1</xmin>
			<ymin>1</ymin>
			<xmax>448</xmax>
			<ymax>1110</ymax>
		</bndbox>
	</object>
</annotation>
