<annotation>
	<folder>images</folder>
	<filename>Train_83.jpg</filename>
	<path>/Users/philippwulff/Desktop/Leaf Image DATA/images/Train_83.jpg</path>
	<source>
		<database>Unknown</database>
	</source>
	<size>
		<width>2048</width>
		<height>1365</height>
		<depth>3</depth>
	</size>
	<segmented>0</segmented>
	<object>
		<name>leaf</name>
		<pose>Unspecified</pose>
		<truncated>0</truncated>
		<difficult>0</difficult>
		<bndbox>
			<xmin>343</xmin>
			<ymin>308</ymin>
			<xmax>1752</xmax>
			<ymax>1017</ymax>
		</bndbox>
	</object>
	<object>
		<name>leaf</name>
		<pose>Unspecified</pose>
		<truncated>1</truncated>
		<difficult>0</difficult>
		<bndbox>
			<xmin>127</xmin>
			<ymin>1</ymin>
			<xmax>1220</xmax>
			<ymax>1365</ymax>
		</bndbox>
	</object>
	<object>
		<name>leaf</name>
		<pose>Unspecified</pose>
		<truncated>1</truncated>
		<difficult>0</difficult>
		<bndbox>
			<xmin>697</xmin>
			<ymin>30</ymin>
			<xmax>1901</xmax>
			<ymax>1365</ymax>
		</bndbox>
	</object>
	<object>
		<name>leaf</name>
		<pose>Unspecified</pose>
		<truncated>1</truncated>
		<difficult>0</difficult>
		<bndbox>
			<xmin>10</xmin>
			<ymin>1</ymin>
			<xmax>459</xmax>
			<ymax>1001</ymax>
		</bndbox>
	</object>
</annotation>
