<annotation>
	<folder>images</folder>
	<filename>Train_30.jpg</filename>
	<path>/Users/philippwulff/Desktop/Leaf Image DATA/images/Train_30.jpg</path>
	<source>
		<database>Unknown</database>
	</source>
	<size>
		<width>2048</width>
		<height>1365</height>
		<depth>3</depth>
	</size>
	<segmented>0</segmented>
	<object>
		<name>leaf</name>
		<pose>Unspecified</pose>
		<truncated>0</truncated>
		<difficult>0</difficult>
		<bndbox>
			<xmin>394</xmin>
			<ymin>398</ymin>
			<xmax>2030</xmax>
			<ymax>1198</ymax>
		</bndbox>
	</object>
	<object>
		<name>leaf</name>
		<pose>Unspecified</pose>
		<truncated>0</truncated>
		<difficult>0</difficult>
		<bndbox>
			<xmin>7</xmin>
			<ymin>572</ymin>
			<xmax>527</xmax>
			<ymax>1143</ymax>
		</bndbox>
	</object>
	<object>
		<name>leaf</name>
		<pose>Unspecified</pose>
		<truncated>1</truncated>
		<difficult>0</difficult>
		<bndbox>
			<xmin>1</xmin>
			<ymin>246</ymin>
			<xmax>446</xmax>
			<ymax>550</ymax>
		</bndbox>
	</object>
</annotation>
